test_index,Target
6557,1.0
6558,1.0
6559,1.0
6560,1.0
6561,1.0
6562,1.0
6563,1.0
6564,1.0
6565,1.0
6566,1.0
6567,1.0
6568,1.0
6569,1.0
6570,1.0
6571,1.0
6572,1.0
6573,1.0
6574,1.0
6575,1.0
6576,1.0
6577,1.0
6578,1.0
6579,1.0
6580,1.0
6581,1.0
6582,1.0
6583,1.0
6584,1.0
6585,1.0
6586,1.0
6587,1.0
6588,1.0
6589,1.0
6590,1.0
6591,1.0
6592,1.0
6593,1.0
6594,1.0
6595,1.0
6596,1.0
6597,1.0
6598,1.0
6599,1.0
6600,1.0
6601,1.0
6602,1.0
6603,1.0
6604,1.0
6605,1.0
6606,1.0
6607,1.0
6608,1.0
6609,0.0
6610,0.0
6611,0.0
6612,1.0
6613,1.0
6614,0.0
6615,1.0
6616,1.0
6617,1.0
6618,1.0
6619,1.0
6620,1.0
6621,1.0
6622,1.0
6623,1.0
6624,1.0
6625,1.0
6626,1.0
6627,1.0
6628,1.0
6629,1.0
6630,1.0
6631,1.0
6632,1.0
6633,1.0
6634,1.0
6635,1.0
6636,1.0
6637,1.0
6638,1.0
6639,1.0
6640,1.0
6641,1.0
6642,1.0
6643,1.0
6644,1.0
6645,1.0
6646,1.0
6647,1.0
6648,1.0
6649,1.0
6650,1.0
6651,1.0
6652,1.0
6653,1.0
6654,1.0
6655,1.0
6656,1.0
6657,1.0
6658,1.0
6659,1.0
6660,1.0
6661,1.0
6662,1.0
6663,1.0
6664,1.0
6665,1.0
6666,1.0
6667,1.0
6668,1.0
6669,1.0
6670,1.0
6671,1.0
6672,1.0
6673,1.0
6674,1.0
6675,1.0
6676,1.0
6677,1.0
6678,1.0
6679,1.0
6680,1.0
6681,1.0
6682,1.0
6683,1.0
6684,1.0
6685,1.0
6686,1.0
6687,1.0
6688,1.0
6689,1.0
6690,1.0
6691,1.0
6692,1.0
6693,1.0
6694,1.0
6695,1.0
6696,1.0
6697,1.0
6698,1.0
6699,1.0
6700,1.0
6701,1.0
6702,1.0
6703,1.0
6704,1.0
6705,1.0
6706,1.0
6707,1.0
6708,1.0
6709,1.0
6710,1.0
6711,1.0
6712,1.0
6713,1.0
6714,1.0
6715,1.0
6716,1.0
6717,1.0
6718,1.0
6719,1.0
6720,1.0
6721,1.0
6722,1.0
6723,1.0
6724,1.0
6725,1.0
6726,1.0
6727,1.0
6728,1.0
6729,1.0
6730,1.0
6731,1.0
6732,1.0
6733,0.0
6734,0.0
6735,1.0
6736,0.0
6737,1.0
6738,1.0
6739,1.0
6740,0.0
6741,0.0
6742,0.0
6743,0.0
6744,1.0
6745,1.0
6746,1.0
6747,1.0
6748,0.0
6749,1.0
6750,1.0
6751,1.0
6752,1.0
6753,1.0
6754,1.0
6755,0.0
6756,0.0
6757,1.0
6758,1.0
6759,1.0
6760,1.0
6761,0.0
6762,1.0
6763,1.0
6764,1.0
6765,1.0
6766,1.0
6767,1.0
6768,1.0
6769,1.0
6770,1.0
6771,1.0
6772,1.0
6773,1.0
6774,1.0
6775,1.0
6776,1.0
6777,1.0
6778,1.0
6779,1.0
6780,1.0
6781,1.0
6782,1.0
6783,1.0
6784,1.0
6785,1.0
6786,1.0
6787,1.0
6788,1.0
6789,1.0
6790,1.0
6791,1.0
6792,1.0
6793,1.0
6794,1.0
6795,1.0
6796,1.0
6797,1.0
6798,1.0
6799,1.0
6800,1.0
6801,1.0
6802,1.0
6803,1.0
6804,1.0
6805,1.0
6806,1.0
6807,1.0
6808,1.0
6809,1.0
6810,1.0
6811,1.0
6812,1.0
6813,1.0
6814,0.0
6815,1.0
6816,0.0
6817,0.0
6818,0.0
6819,1.0
6820,1.0
6821,1.0
6822,0.0
6823,0.0
6824,1.0
6825,1.0
6826,0.0
6827,1.0
6828,0.0
6829,0.0
6830,1.0
6831,0.0
6832,1.0
6833,1.0
6834,1.0
6835,0.0
6836,1.0
6837,1.0
6838,1.0
6839,0.0
6840,0.0
6841,0.0
6842,1.0
6843,0.0
6844,0.0
6845,1.0
6846,1.0
6847,1.0
6848,1.0
6849,1.0
6850,0.0
6851,1.0
6852,1.0
6853,1.0
6854,1.0
6855,1.0
6856,1.0
6857,1.0
6858,1.0
6859,1.0
6860,1.0
6861,1.0
6862,1.0
6863,1.0
6864,1.0
6865,1.0
6866,1.0
6867,1.0
6868,1.0
6869,1.0
6870,1.0
6871,1.0
6872,1.0
6873,1.0
6874,1.0
6875,1.0
6876,1.0
6877,1.0
6878,1.0
6879,1.0
6880,1.0
6881,1.0
6882,1.0
6883,1.0
6884,1.0
6885,1.0
6886,1.0
6887,1.0
6888,1.0
6889,1.0
6890,1.0
6891,1.0
6892,1.0
6893,1.0
6894,1.0
6895,1.0
6896,1.0
6897,1.0
6898,1.0
6899,1.0
6900,1.0
6901,1.0
6902,1.0
6903,1.0
6904,1.0
6905,1.0
6906,1.0
6907,1.0
6908,1.0
6909,1.0
6910,1.0
6911,1.0
6912,1.0
6913,1.0
6914,1.0
6915,1.0
6916,1.0
6917,1.0
6918,1.0
6919,1.0
6920,1.0
6921,1.0
6922,1.0
6923,1.0
6924,1.0
6925,1.0
6926,1.0
6927,0.0
6928,1.0
6929,1.0
6930,0.0
6931,0.0
6932,0.0
6933,0.0
6934,0.0
6935,0.0
6936,0.0
6937,1.0
6938,1.0
6939,1.0
6940,1.0
6941,1.0
6942,1.0
6943,1.0
6944,1.0
6945,1.0
6946,1.0
6947,1.0
6948,1.0
6949,1.0
6950,1.0
6951,1.0
6952,1.0
6953,1.0
6954,1.0
6955,1.0
6956,0.0
6957,0.0
6958,0.0
6959,1.0
6960,1.0
6961,1.0
6962,1.0
6963,1.0
6964,1.0
6965,1.0
6966,1.0
6967,1.0
6968,1.0
6969,1.0
6970,1.0
6971,1.0
6972,1.0
6973,1.0
6974,1.0
6975,1.0
6976,1.0
6977,1.0
6978,1.0
6979,1.0
6980,0.0
6981,0.0
6982,0.0
6983,0.0
6984,0.0
6985,0.0
6986,0.0
6987,1.0
6988,1.0
6989,1.0
6990,1.0
6991,1.0
6992,1.0
6993,0.0
6994,1.0
6995,1.0
6996,1.0
6997,1.0
6998,1.0
6999,1.0
7000,1.0
7001,1.0
7002,1.0
7003,1.0
7004,1.0
7005,1.0
7006,1.0
7007,1.0
7008,1.0
7009,1.0
7010,1.0
7011,1.0
7012,1.0
7013,1.0
7014,1.0
7015,1.0
7016,1.0
7017,1.0
7018,1.0
7019,1.0
7020,1.0
7021,1.0
7022,1.0
7023,1.0
7024,1.0
7025,1.0
7026,1.0
7027,1.0
7028,1.0
7029,1.0
7030,1.0
7031,1.0
7032,1.0
7033,1.0
7034,1.0
7035,1.0
7036,1.0
7037,1.0
7038,1.0
7039,1.0
7040,1.0
7041,1.0
7042,1.0
7043,1.0
7044,1.0
7045,1.0
7046,1.0
7047,1.0
7048,1.0
7049,1.0
7050,1.0
7051,1.0
7052,1.0
7053,1.0
7054,1.0
7055,1.0
7056,1.0
7057,1.0
7058,1.0
7059,1.0
7060,1.0
7061,1.0
7062,1.0
7063,1.0
7064,1.0
7065,1.0
7066,1.0
7067,1.0
7068,1.0
7069,1.0
7070,1.0
7071,1.0
7072,1.0
7073,1.0
7074,1.0
7075,1.0
7076,1.0
7077,1.0
7078,1.0
7079,1.0
7080,1.0
7081,1.0
7082,1.0
7083,1.0
7084,1.0
7085,1.0
7086,1.0
7087,1.0
7088,1.0
7089,1.0
7090,1.0
7091,1.0
7092,1.0
7093,1.0
7094,1.0
7095,1.0
7096,1.0
7097,1.0
7098,1.0
7099,1.0
7100,1.0
7101,1.0
7102,1.0
7103,1.0
7104,1.0
7105,1.0
7106,1.0
7107,1.0
7108,1.0
7109,1.0
7110,1.0
7111,1.0
7112,1.0
7113,1.0
7114,1.0
7115,1.0
7116,1.0
7117,1.0
7118,1.0
7119,1.0
7120,1.0
7121,1.0
7122,1.0
7123,1.0
7124,1.0
7125,1.0
7126,1.0
7127,1.0
7128,1.0
7129,1.0
7130,1.0
7131,1.0
7132,1.0
7133,1.0
7134,1.0
7135,1.0
7136,1.0
7137,1.0
7138,1.0
7139,1.0
7140,1.0
7141,1.0
7142,1.0
7143,1.0
7144,1.0
7145,1.0
7146,1.0
7147,1.0
7148,1.0
7149,1.0
7150,1.0
7151,1.0
7152,1.0
7153,1.0
7154,1.0
7155,1.0
7156,1.0
7157,1.0
7158,1.0
7159,1.0
7160,1.0
7161,1.0
7162,1.0
7163,1.0
7164,1.0
7165,1.0
7166,1.0
7167,1.0
7168,1.0
7169,1.0
7170,1.0
7171,1.0
7172,1.0
7173,1.0
7174,1.0
7175,1.0
7176,1.0
7177,1.0
7178,1.0
7179,1.0
7180,1.0
7181,1.0
7182,1.0
7183,1.0
7184,1.0
7185,1.0
7186,1.0
7187,1.0
7188,1.0
7189,1.0
7190,1.0
7191,1.0
7192,1.0
7193,1.0
7194,1.0
7195,1.0
7196,1.0
7197,1.0
7198,1.0
7199,1.0
7200,1.0
7201,1.0
7202,1.0
7203,1.0
7204,1.0
7205,1.0
7206,1.0
7207,1.0
7208,1.0
7209,1.0
7210,1.0
7211,1.0
7212,1.0
7213,1.0
7214,1.0
7215,1.0
7216,1.0
7217,1.0
7218,1.0
7219,1.0
7220,1.0
7221,1.0
7222,1.0
7223,1.0
7224,1.0
7225,1.0
7226,1.0
7227,1.0
7228,1.0
7229,1.0
7230,1.0
7231,1.0
7232,1.0
7233,1.0
7234,1.0
7235,1.0
7236,1.0
7237,1.0
7238,0.0
7239,1.0
7240,1.0
7241,1.0
7242,1.0
7243,1.0
7244,1.0
7245,1.0
7246,1.0
7247,1.0
7248,1.0
7249,1.0
7250,1.0
7251,1.0
7252,1.0
7253,1.0
7254,1.0
7255,1.0
7256,1.0
7257,1.0
7258,1.0
7259,1.0
7260,1.0
7261,1.0
7262,1.0
7263,1.0
7264,1.0
7265,1.0
7266,1.0
7267,1.0
7268,0.0
7269,1.0
7270,1.0
7271,1.0
7272,1.0
7273,1.0
7274,1.0
7275,1.0
7276,1.0
7277,1.0
7278,1.0
7279,1.0
7280,1.0
7281,1.0
7282,1.0
